expression,reading,meaning,tags
ああ,ああ,"아!, 아!",JLPT JLPT_4 JLPT_5 JLPT_N5
会う,あう,"만나다, 보다",JLPT JLPT_3 JLPT_5 JLPT_N5
青,あお,파란색,JLPT JLPT_5 JLPT_N5
青い,あおい,파란색,Genki Genki_Ln.9 JLPT JLPT_5 JLPT_N5
赤,あか,빨간색,JLPT JLPT_5 JLPT_N5
赤い,あかい,빨간색,Genki Genki_Ln.9 Intermediate_Japanese Intermediate_Japanese_Ln.12 JLPT JLPT_5 JLPT_N5
明るい,あかるい,밝다 (성격이나 날씨와 관련하여); 쾌활한,Genki Genki_Ln.18 Intermediate_Japanese Intermediate_Japanese_Ln.11 JLPT JLPT_5 JLPT_N5
秋,あき,가을 (계절),Genki Genki_Ln.10 Intermediate_Japanese Intermediate_Japanese_Ln.4 JLPT JLPT_3 JLPT_5 JLPT_N5
開く,あく,"열리다, 열리게 되다",JLPT JLPT_3 JLPT_5 JLPT_N5
開ける,あける,열다 (동사),Intermediate_Japanese Intermediate_Japanese_Ln.12 JLPT JLPT_3 JLPT_5 JLPT_N5
上げる,あげる,"들어올리다, 들어올리다",JLPT JLPT_3 JLPT_5 JLPT_N5
朝,あさ,아침,Genki Genki_Ln.3 Intermediate_Japanese Intermediate_Japanese_Ln.2 JLPT JLPT_5 JLPT_N5
朝御飯,あさごはん,아침,Genki Genki_Ln.3 JLPT JLPT_5 JLPT_N5
明後日,あさって,내일 모레,JLPT JLPT_5 JLPT_N5
足; 脚,あし,발; 다리,JLPT JLPT_5 JLPT_N5
明日,あした,내일,Genki Genki_Ln.3 Intermediate_Japanese Intermediate_Japanese_Ln.7 JLPT JLPT_3 JLPT_5 JLPT_N5
あそこ,あそこ,"저기, 저기, 그 곳",Genki Genki_Ln.2 JLPT JLPT_5 JLPT_N5
遊ぶ,あそぶ,놀다; 즐겁게 시간을 보내다; 어울리다,Genki Genki_Ln.6 Intermediate_Japanese Intermediate_Japanese_Ln.1 JLPT JLPT_5 JLPT_N5
暖かい,あたたかい,따뜻한,JLPT_N5
頭,あたま,머리,Intermediate_Japanese Intermediate_Japanese_Ln.2 JLPT JLPT_5 JLPT_N5
新しい,あたらしい,새로운,Genki Genki_Ln.5 JLPT JLPT_5 JLPT_N5
あちら,あちら,이쪽으로 (정중하게),Genki Genki_Ln.20 JLPT JLPT_5 JLPT_N5
暑い,あつい,"덥다(날씨에 따라), 따뜻하다",Genki Genki_Ln.5 Intermediate_Japanese Intermediate_Japanese_Ln.4 JLPT JLPT_5 JLPT_N5
熱い,あつい,뜨거운 (물체),Genki Genki_Ln.5 JLPT JLPT_5 JLPT_N5
厚い,あつい,"친절한,따뜻한(마음이)두꺼운,깊은",JLPT JLPT_5 JLPT_N5
あっち,あっち,저기,JLPT JLPT_5 JLPT_N5
後,あと,나중에 (나중에); 미래에; 나머지; 그 이후로,Genki Genki_Ln.18 JLPT JLPT_2 JLPT_3 JLPT_5 JLPT_N5
あなた,あなた,너,Genki Genki_Ln.4 JLPT JLPT_5 JLPT_N5
兄,あに,(나의) 형 (겸손하다),Genki Genki_Ln.14 JLPT JLPT_5 JLPT_N5
姉,あね,(나의) 누나 (겸손하다),Genki Genki_Ln.7 JLPT JLPT_5 JLPT_N5
アパート,アパート,아파트 (약어),Genki Genki_Ln.7 JLPT JLPT_5 JLPT_N5
あの,あの,"저기 그거; 그렇게, 그렇게; 음...",JLPT JLPT_4 JLPT_5 JLPT_N5
浴びる,あびる,"목욕하다, 샤워하다",JLPT JLPT_3 JLPT_5 JLPT_N5
危ない,あぶない,"위험한, 중대한",Intermediate_Japanese Intermediate_Japanese_Ln.15 JLPT JLPT_5 JLPT_N5
甘い,あまい,"관대한, 달콤한",Genki Genki_Ln.12 JLPT JLPT_5 JLPT_N5
余り,あまり,별로; 여분,JLPT JLPT_3 JLPT_5 JLPT_N5
雨,あめ,비,Genki Genki_Ln.8 JLPT JLPT_5 JLPT_N5
飴,あめ,(단단한) 사탕,JLPT JLPT_5 JLPT_N5
洗う,あらう,씻다,Genki Genki_Ln.8 Intermediate_Japanese Intermediate_Japanese_Ln.10 JLPT JLPT_5 JLPT_N5
在る,ある,"존재하다, 가지다",JLPT JLPT_3 JLPT_5 JLPT_N5
有る,ある,"존재하다, 가지다",JLPT JLPT_3 JLPT_5 JLPT_N5
歩く,あるく,걷기,Genki Genki_Ln.20 Intermediate_Japanese Intermediate_Japanese_Ln.1 JLPT JLPT_5 JLPT_N5
あれ,あれ,그거 (저기),Genki Genki_Ln.2 JLPT JLPT_5 JLPT_N5
いい; よい,いい; よい,좋은,JLPT JLPT_5 JLPT_N5
いいえ,いいえ,"아니, 전혀 그렇지 않아",JLPT JLPT_5 JLPT_N5
言う,いう,말하다,Genki Genki_Ln.8 JLPT JLPT_5 JLPT_N5
家,いえ,"집, 집",Genki Genki_Ln.3 JLPT JLPT_2 JLPT_3 JLPT_5 JLPT_N5
いかが,いかが,"어떻게, 어떤 식으로",JLPT JLPT_5 JLPT_N5
行く,いく; ゆく,가다,JLPT JLPT_5 JLPT_N5
いくつ,いくつ,"몇 명, 몇 살이야?",JLPT JLPT_3 JLPT_5 JLPT_N5
いくら,いくら,"얼마나, 얼마나 많이",Genki Genki_Ln.2 JLPT JLPT_3 JLPT_5 JLPT_N5
池,いけ,연못,JLPT JLPT_5 JLPT_N5
医者,いしゃ,의사; 내과 의사,Genki Genki_Ln.1 Genki_Ln.10 Intermediate_Japanese Intermediate_Japanese_Ln.12 JLPT JLPT_5 JLPT_N5
椅子,いす,의자,JLPT JLPT_3 JLPT_5 JLPT_N5
忙しい,いそがしい,"바쁜 (사람, 일)",Genki Genki_Ln.5 JLPT JLPT_5 JLPT_N5
痛い,いたい,아프다; 아픈; 아픈,Genki Genki_Ln.12 Intermediate_Japanese Intermediate_Japanese_Ln.5 JLPT JLPT_5 JLPT_N5
一,いち,하나,JLPT JLPT_3 JLPT_5 JLPT_N5
一日,いちにち,하루(기간),Genki Genki_Ln.13 JLPT JLPT_5 JLPT_N5
一番,いちばん,"최고(가장), 첫 번째, 1위",Genki Genki_Ln.10 Intermediate_Japanese Intermediate_Japanese_Ln.3 JLPT JLPT_3 JLPT_5 JLPT_N5
いつ,いつ,언제,Genki Genki_Ln.3 JLPT JLPT_2 JLPT_5 JLPT_N5
五日,いつか,5일; 매월 다섯째 날,Genki Genki_Ln.13 JLPT JLPT_3 JLPT_5 JLPT_N5
一緒,いっしょ,함께,Intermediate_Japanese Intermediate_Japanese_Ln.7 JLPT JLPT_5 JLPT_N5
五つ,いつつ,다섯 개,Genki Genki_Ln.9 JLPT JLPT_5 JLPT_N5
いつも,いつも,"항상, 보통, 매번, 결코 (부정 동사 포함)",Genki Genki_Ln.12 JLPT JLPT_3 JLPT_5 JLPT_N5
犬,いぬ,개,Genki Genki_Ln.4 JLPT JLPT_5 JLPT_N5
今,いま,지금,Genki Genki_Ln.1 JLPT JLPT_3 JLPT_5 JLPT_N5
意味,いみ,"의미, 의의",Genki Genki_Ln.12 Intermediate_Japanese Intermediate_Japanese_Ln.2 JLPT JLPT_5 JLPT_N5
妹,いもうと,여동생 (겸손),Genki Genki_Ln.1 Genki_Ln.7 JLPT JLPT_5 JLPT_N5
嫌,いや,"불쾌한, 혐오스러운, 불쾌한",JLPT JLPT_3 JLPT_5 JLPT_N5
入口,いりぐち,입구,JLPT JLPT_5 JLPT_N5
居る,いる,"(겸손한) 존재하다, 존재하다",JLPT JLPT_5 JLPT_N5
要る,いる,필요하다,JLPT JLPT_5 JLPT_N5
入れる,いれる,넣다,JLPT JLPT_5 JLPT_N5
色,いろ,색상,Genki Genki_Ln.9 Intermediate_Japanese Intermediate_Japanese_Ln.9 JLPT JLPT_5 JLPT_N5
色々,いろいろ,다양한,JLPT JLPT_5 JLPT_N5
上,うえ,"위(위, 위 등), 위, 위",JLPT JLPT_2 JLPT_5 JLPT_N5
後ろ,うしろ,"뒤, 뒤, 뒤",JLPT JLPT_3 JLPT_5 JLPT_N5
薄い,うすい,"얇은, 약한",JLPT JLPT_3 JLPT_5 JLPT_N5
歌,うた,노래,Genki Genki_Ln.7 JLPT JLPT_5 JLPT_N5
歌う,うたう,노래하다,Genki Genki_Ln.7 Intermediate_Japanese Intermediate_Japanese_Ln.7 JLPT JLPT_5 JLPT_N5
うち,うち,집; 집; 내 집,Genki Genki_Ln.3 JLPT JLPT_3 JLPT_5 JLPT_N5
生まれる,うまれる,태어나다,JLPT JLPT_3 JLPT_5 JLPT_N5
海,うみ,"바다, 해변",Genki Genki_Ln.5 JLPT JLPT_5 JLPT_N5
売る,うる,팔다 (동사),Genki Genki_Ln.15 Intermediate_Japanese Intermediate_Japanese_Ln.6 JLPT JLPT_3 JLPT_5 JLPT_N5
うるさい,うるさい,시끄러운; 짜증 나는,Genki Genki_Ln.22 JLPT JLPT_3 JLPT_5 JLPT_N5
上着,うわぎ,"코트, 재킷",JLPT JLPT_5 JLPT_N5
絵,え,그림; 사진; 그림,Genki Genki_Ln.15 JLPT JLPT_3 JLPT_5 JLPT_N5
映画,えいが,"영화, 영화",Genki Genki_Ln.3 Intermediate_Japanese Intermediate_Japanese_Ln.7 JLPT JLPT_5 JLPT_N5
映画館,えいがかん,"영화관, 영화관",Genki Genki_Ln.15 JLPT JLPT_5 JLPT_N5
英語,えいご,영어(언어),Genki Genki_Ln.1 JLPT JLPT_5 JLPT_N5
ええ,ええ,예,Genki Genki_Ln.1 JLPT JLPT_5 JLPT_N5
駅,えき,역,Genki Genki_Ln.10 JLPT JLPT_5 JLPT_N5
エレベーター,エレベーター,엘리베이터,JLPT JLPT_2 JLPT_5 JLPT_N5
～円,～えん,엔,JLPT JLPT_5 JLPT_N5
鉛筆,えんぴつ,연필,Genki Genki_Ln.2 JLPT JLPT_5 JLPT_N5
お～,お～,명예로운 ~ (존경),JLPT JLPT_5 JLPT_N5
美味しい,おいしい,"맛있다, 맛있다",JLPT JLPT_5 JLPT_N5
多い,おおい,많은; 많이있다,Intermediate_Japanese Intermediate_Japanese_Ln.1 JLPT JLPT_5 JLPT_N5
大きい,おおきい,"크다, 크다",Genki Genki_Ln.5 JLPT JLPT_5 JLPT_N5
大きな,おおきな,큰,JLPT JLPT_5 JLPT_N5
大勢,おおぜい,많은 사람들,JLPT JLPT_5 JLPT_N5
お母さん,おかあさん,어머니 (공식),Genki Genki_Ln.1 Genki_Ln.2 JLPT JLPT_5 JLPT_N5
お菓子,おかし,"과자, 과자, 스낵",Genki Genki_Ln.11 JLPT JLPT_5 JLPT_N5
お金,おかね,돈,Genki Genki_Ln.6 JLPT JLPT_5 JLPT_N5
起きる,おきる,"일어나다 (예를 들어, 자다가); 일어나다",Genki Genki_Ln.3 Intermediate_Japanese Intermediate_Japanese_Ln.12 JLPT JLPT_3 JLPT_5 JLPT_N5
置く,おく,넣다; 누워있다; 배치하다,Genki Genki_Ln.21 JLPT JLPT_3 JLPT_5 JLPT_N5
奥さん,おくさん,(다른 사람의) 아내 (Hon.),Genki Genki_Ln.14 Intermediate_Japanese Intermediate_Japanese_Ln.9 JLPT JLPT_5 JLPT_N5
お酒,おさけ,동기; 술,Genki Genki_Ln.3 JLPT JLPT_5 JLPT_N5
お皿,おさら,"접시, 접시",JLPT JLPT_5 JLPT_N5
伯父; 叔父さん,おじさん,"삼촌, 중년남자",JLPT JLPT_5 JLPT_N5
おじいさん,おじいさん,"할아버지, 남자 노인",Genki Genki_Ln.13 JLPT JLPT_3 JLPT_5 JLPT_N5
教える,おしえる,"가르치다, 알리다, 지시하다",Intermediate_Japanese Intermediate_Japanese_Ln.1 JLPT JLPT_5 JLPT_N5
押す,おす,"밀다, 누르다, 도장을 찍다 (예: 여권)",Genki Genki_Ln.18 JLPT JLPT_5 JLPT_N5
遅い,おそい,느린; (예정) 늦다,Genki Genki_Ln.10 Intermediate_Japanese Intermediate_Japanese_Ln.11 JLPT JLPT_5 JLPT_N5
お茶,おちゃ,(녹차,Genki Genki_Ln.3 Intermediate_Japanese Intermediate_Japanese_Ln.6 JLPT JLPT_5 JLPT_N5
お手洗い,おてあらい,"화장실, 화장실, 욕실(문자, 손을 씻는 곳)",Genki Genki_Ln.2 Intermediate_Japanese Intermediate_Japanese_Ln.13 JLPT JLPT_5 JLPT_N5
お父さん,おとうさん,아버지 (공식),Genki Genki_Ln.1 Genki_Ln.2 JLPT JLPT_5 JLPT_N5
弟,おとうと,남동생,Genki Genki_Ln.1 Genki_Ln.7 JLPT JLPT_5 JLPT_N5
男,おとこ,"남자, 남자",Genki Genki_Ln.17 JLPT JLPT_5 JLPT_N5
男の子,おとこのこ,소년,Genki Genki_Ln.11 JLPT JLPT_5 JLPT_N5
一昨日,おととい,그저께,Genki Genki_Ln.19 JLPT JLPT_5 JLPT_N5
おととし,おととし,지난 해,JLPT JLPT_5 JLPT_N5
大人,おとな,성인,Genki Genki_Ln.13 JLPT JLPT_5 JLPT_N5
お腹,おなか,위,JLPT JLPT_3 JLPT_5 JLPT_N5
同じ,おなじ,"같은, 동일한",Genki Genki_Ln.14 Intermediate_Japanese Intermediate_Japanese_Ln.1 JLPT JLPT_5 JLPT_N5
お兄さん,おにいさん,(다른 사람의) 형 (공식적으로),Genki Genki_Ln.1 Genki_Ln.7 Intermediate_Japanese Intermediate_Japanese_Ln.4 JLPT JLPT_5 JLPT_N5
お姉さん,おねえさん,언니 (공식),Genki Genki_Ln.1 Genki_Ln.7 JLPT JLPT_5 JLPT_N5
伯母さん; 叔母さん,おばさん,이모,JLPT JLPT_5 JLPT_N5
おばあさん,おばあさん,"할머니, 여성 노인",Genki Genki_Ln.6 JLPT JLPT_5 JLPT_N5
お風呂,おふろ,목욕,JLPT_N5
お弁当,おべんとう,도시락,Genki Genki_Ln.9 JLPT JLPT_5 JLPT_N5
覚える,おぼえる,"배우다, 기억하다, 기억하다, 암기하다",Intermediate_Japanese Intermediate_Japanese_Ln.2 JLPT JLPT_5 JLPT_N5
おまわりさん,おまわりさん,경찰관 (친절한 용어),JLPT JLPT_5 JLPT_N5
重い,おもい,무거운; 심각한,Genki Genki_Ln.20 JLPT JLPT_3 JLPT_5 JLPT_N5
面白い,おもしろい,"흥미로운, 재미있는",Genki Genki_Ln.5 Intermediate_Japanese Intermediate_Japanese_Ln.4 JLPT JLPT_5 JLPT_N5
泳ぐ,およぐ,수영하다,Genki Genki_Ln.5 JLPT JLPT_5 JLPT_N5
降りる,おりる,내리다,JLPT JLPT_3 JLPT_5 JLPT_N5
終る,おわる,"끝내다, 닫다",JLPT JLPT_5 JLPT_N5
音楽,おんがく,음악,Genki Genki_Ln.3 Intermediate_Japanese Intermediate_Japanese_Ln.3 JLPT JLPT_5 JLPT_N5
女,おんな,"여자, 여자",Genki Genki_Ln.17 JLPT JLPT_5 JLPT_N5
女の子,おんなのこ,소녀,Genki Genki_Ln.11 JLPT JLPT_5 JLPT_N5
～回,～かい,발생 카운터(~회),JLPT JLPT_1 JLPT_5 JLPT_N5
～階,～かい,건물의 층(층) 카운터,JLPT JLPT_4 JLPT_5 JLPT_N5
外国,がいこく,외국; 해외에서,Genki Genki_Ln.11 Intermediate_Japanese Intermediate_Japanese_Ln.6 JLPT JLPT_5 JLPT_N5
外国人,がいこくじん,외국인,Genki Genki_Ln.15 JLPT JLPT_5 JLPT_N5
会社,かいしゃ,"회사, 법인",Genki Genki_Ln.7 JLPT JLPT_5 JLPT_N5
階段,かいだん,계단,JLPT JLPT_5 JLPT_N5
買い物,かいもの,쇼핑,Genki Genki_Ln.4 JLPT JLPT_5 JLPT_N5
買う,かう,구매,JLPT JLPT_3 JLPT_5 JLPT_N5
返す,かえす,무언가를 돌려주다,JLPT JLPT_3 JLPT_5 JLPT_N5
帰る,かえる,"돌아가다, 집에 가다, 돌아가다",Intermediate_Japanese Intermediate_Japanese_Ln.1 JLPT JLPT_3 JLPT_5 JLPT_N5
顔,かお,얼굴(신체부분),Genki Genki_Ln.10 Intermediate_Japanese Intermediate_Japanese_Ln.2 JLPT JLPT_3 JLPT_5 JLPT_N5
かかる,かかる,"(시간, 돈의 양)이 소요됩니다 (v.i.)",Genki Genki_Ln.10 Intermediate_Japanese Intermediate_Japanese_Ln.1 JLPT JLPT_3 JLPT_5 JLPT_N5
鍵,かぎ,자물쇠; 열쇠,Genki Genki_Ln.17 JLPT JLPT_3 JLPT_5 JLPT_N5
書く,かく,쓰다,JLPT JLPT_3 JLPT_5 JLPT_N5
学生,がくせい,학생,Genki Genki_Ln.1 JLPT JLPT_5 JLPT_N5
～か月,～かげつ,(개)개월,JLPT JLPT_5 JLPT_N5
掛ける,かける,"(예를 들어, 안경을) 쓰다; (예를 들어 벽에) 걸다",JLPT JLPT_3 JLPT_4 JLPT_5 JLPT_N5
かける,かける,전화를 걸다/통화하다(예: 전화); 앉다,Genki Genki_Ln.19 JLPT JLPT_3 JLPT_4 JLPT_5 JLPT_N5
傘,かさ,"우산, 파라솔",Genki Genki_Ln.2 JLPT JLPT_5 JLPT_N5
貸す,かす,빌려주다,Intermediate_Japanese Intermediate_Japanese_Ln.3 JLPT JLPT_5 JLPT_N5
風,かぜ,"바람, 미풍",Genki Genki_Ln.22 JLPT JLPT_5 JLPT_N5
風邪,かぜ,"감기, 독감",Genki Genki_Ln.12 JLPT JLPT_5 JLPT_N5
方,かた,-- 人(ひと)의 경칭 --; 하는 방법,Intermediate_Japanese Intermediate_Japanese_Ln.4 JLPT JLPT_3 JLPT_4 JLPT_5 JLPT_N5
家族,かぞく,"가족, 가족의 구성원",Genki Genki_Ln.7 Intermediate_Japanese Intermediate_Japanese_Ln.1 JLPT JLPT_5 JLPT_N5
片仮名,かたかな,가타카나,JLPT JLPT_5 JLPT_N5
～月,～がつ,올해의 달,JLPT JLPT_5 JLPT_N5
学校,がっこう,학교,Genki Genki_Ln.3 JLPT JLPT_5 JLPT_N5
カップ,カップ,컵,JLPT JLPT_1 JLPT_5 JLPT_N5
家庭,かてい,집; 가족,Intermediate_Japanese Intermediate_Japanese_Ln.3 JLPT JLPT_3 JLPT_5 JLPT_N5
角,かど,"코너(예: 책상, 도로)",Genki Genki_Ln.20 JLPT JLPT_5 JLPT_N5
かばん,かばん,"가방, 바구니",Genki Genki_Ln.2 JLPT JLPT_5 JLPT_N5
花瓶,かびん,(꽃병,JLPT JLPT_5 JLPT_N5
かぶる,かぶる,"입다, 쓰다 (예: 머리에 모자를 씌우다)",Genki Genki_Ln.7 JLPT JLPT_3 JLPT_5 JLPT_N5
紙,かみ,종이,Genki Genki_Ln.17 JLPT JLPT_3 JLPT_5 JLPT_N5
カメラ,カメラ,카메라,Genki Genki_Ln.8 JLPT JLPT_5 JLPT_N5
火曜日,かようび,화요일,Genki Genki_Ln.4 JLPT JLPT_5 JLPT_N5
辛い,からい,뜨겁고 매운; 짠,Genki Genki_Ln.13 JLPT JLPT_5 JLPT_N5
体,からだ,몸; 건강,Genki Genki_Ln.23 Intermediate_Japanese Intermediate_Japanese_Ln.4 JLPT JLPT_5 JLPT_N5
借りる,かりる,"빌리다, 빚지다",JLPT JLPT_5 JLPT_N5
～がる,～がる,느끼다,JLPT JLPT_5 JLPT_N5
軽い,かるい,"가벼운, 심각하지 않은, 경미한",JLPT JLPT_5 JLPT_N5
カレー,カレー,카레(카레라이스의 약자),Genki Genki_Ln.13 JLPT JLPT_1 JLPT_5 JLPT_N5
カレンダー,カレンダー,달력,JLPT JLPT_5 JLPT_N5
川; 河,かわ,강,JLPT JLPT_3 JLPT_5 JLPT_N5
～側,～がわ,~ 쪽,JLPT_N5
可愛い,かわいい,귀엽고 사랑스럽다,JLPT JLPT_5 JLPT_N5
漢字,かんじ,한자; 한자,Genki Genki_Ln.6 Intermediate_Japanese Intermediate_Japanese_Ln.4 JLPT JLPT_3 JLPT_5 JLPT_N5
木,き,"나무, 목재, 재목",Genki Genki_Ln.22 JLPT JLPT_5 JLPT_N5
黄色,きいろ,노란색,JLPT JLPT_5 JLPT_N5
黄色い,きいろい,노란색,JLPT JLPT_5 JLPT_N5
消える,きえる,"사라지다, 사라지다",Genki Genki_Ln.18 JLPT JLPT_5 JLPT_N5
聞く,きく,"듣다, 듣다, 묻다",JLPT JLPT_3 JLPT_5 JLPT_N5
北,きた,북쪽,Intermediate_Japanese Intermediate_Japanese_Ln.10 JLPT JLPT_5 JLPT_N5
ギター,ギター,기타,Genki Genki_Ln.9 JLPT JLPT_5 JLPT_N5
汚い,きたない,"더러운, 불결한, 불결한",Genki Genki_Ln.16 JLPT JLPT_5 JLPT_N5
喫茶店,きっさてん,카페,Genki Genki_Ln.2 Intermediate_Japanese Intermediate_Japanese_Ln.11 JLPT JLPT_5 JLPT_N5
切手,きって,우편(우표) 우표,Genki Genki_Ln.5 Intermediate_Japanese Intermediate_Japanese_Ln.3 JLPT JLPT_5 JLPT_N5
切符,きっぷ,티켓,Genki Genki_Ln.5 Intermediate_Japanese Intermediate_Japanese_Ln.10 JLPT JLPT_5 JLPT_N5
昨日,きのう,어제,Genki Genki_Ln.4 JLPT JLPT_3 JLPT_5 JLPT_N5
九,きゅう,아홉,JLPT JLPT_3 JLPT_5 JLPT_N5
牛肉,ぎゅうにく,소고기,JLPT JLPT_5 JLPT_N5
牛乳,ぎゅうにゅう,우유,Genki Genki_Ln.18 JLPT JLPT_5 JLPT_N5
今日,きょう,"오늘, 오늘",Genki Genki_Ln.3 JLPT JLPT_5 JLPT_N5
教室,きょうしつ,교실,Intermediate_Japanese Intermediate_Japanese_Ln.3 JLPT JLPT_5 JLPT_N5
兄弟,きょうだい,"형제자매(겸손한), 형제자매",Genki Genki_Ln.7 JLPT JLPT_5 JLPT_N5
去年,きょねん,작년,Genki Genki_Ln.14 Intermediate_Japanese Intermediate_Japanese_Ln.1 JLPT JLPT_5 JLPT_N5
嫌い,きらい,싫어함,JLPT JLPT_5 JLPT_N5
切る,きる,자르다; (전화를) 끊다,Genki Genki_Ln.8 Intermediate_Japanese Intermediate_Japanese_Ln.12 JLPT JLPT_5 JLPT_N5
着る,きる,(허리 위의 옷을) 입다; 입다,Genki Genki_Ln.7 Intermediate_Japanese Intermediate_Japanese_Ln.9 JLPT JLPT_5 JLPT_N5
綺麗,きれい,"예쁘다, 깨끗하다, 깔끔하다",JLPT JLPT_5 JLPT_N5
キロ; キログラム,キロ; キログラム,(약어) 킬로(킬로그램),JLPT JLPT_3 JLPT_5 JLPT_N5
キロ; キロメートル,キロ; キロメートル,(약어) 킬로(킬로미터),JLPT JLPT_3 JLPT_5 JLPT_N5
銀行,ぎんこう,은행,Genki Genki_Ln.2 JLPT JLPT_5 JLPT_N5
金曜日,きんようび,금요일,Genki Genki_Ln.4 JLPT JLPT_3 JLPT_5 JLPT_N5
九,く,아홉,JLPT JLPT_3 JLPT_5 JLPT_N5
薬,くすり,약,Genki Genki_Ln.9 Intermediate_Japanese Intermediate_Japanese_Ln.12 JLPT JLPT_5 JLPT_N5
下さい,ください,(te형 동사와 함께) 나를 위해 해주세요,JLPT JLPT_5 JLPT_N5
果物,くだもの,과일,Intermediate_Japanese Intermediate_Japanese_Ln.9 JLPT JLPT_5 JLPT_N5
口,くち,채용공고; 입,Intermediate_Japanese Intermediate_Japanese_Ln.11 Intermediate_Japanese_Ln.8 JLPT JLPT_5 JLPT_N5
靴,くつ,"신발, 신발",Genki Genki_Ln.2 JLPT JLPT_5 JLPT_N5
靴下,くつした,양말,Genki Genki_Ln.23 JLPT JLPT_5 JLPT_N5
国,くに,국가; 원산지,Genki Genki_Ln.7 JLPT JLPT_5 JLPT_N5
曇り,くもり,"흐림, 흐린 날씨",Genki Genki_Ln.12 JLPT JLPT_3 JLPT_5 JLPT_N5
曇る,くもる,"흐려지다, 흐려지다",JLPT JLPT_5 JLPT_N5
暗い,くらい,"어둡다, 우울하다",JLPT JLPT_3 JLPT_5 JLPT_N5
～くらい; ぐらい,～くらい; ぐらい,대략적인 (수량),JLPT JLPT_5 JLPT_N5
クラス,クラス,수업,Genki Genki_Ln.4 JLPT JLPT_5 JLPT_N5
グラム,グラム,그램,JLPT JLPT_5 JLPT_N5
来る,くる,올,JLPT JLPT_5 JLPT_N5
車,くるま,"자동차, 차량",Genki Genki_Ln.7 JLPT JLPT_5 JLPT_N5
黒,くろ,검은색,JLPT JLPT_5 JLPT_N5
黒い,くろい,검은색; 어두운,Genki Genki_Ln.9 JLPT JLPT_5 JLPT_N5
警官,けいかん,경찰관,JLPT JLPT_5 JLPT_N5
今朝,けさ,오늘 아침,Genki Genki_Ln.8 Intermediate_Japanese Intermediate_Japanese_Ln.2 JLPT JLPT_5 JLPT_N5
消す,けす,"지우다, 삭제하다, 전원을 끄다",JLPT JLPT_5 JLPT_N5
結構,けっこう,"화려한; 충분히, 견딜 수 있을 만큼",JLPT JLPT_3 JLPT_5 JLPT_N5
結婚,けっこん (する),결혼하다(결혼하다),JLPT JLPT_5 JLPT_N5
月曜日,げつようび,월요일,Genki Genki_Ln.4 JLPT JLPT_3 JLPT_5 JLPT_N5
玄関,げんかん,입구 (집이나 건물에),Intermediate_Japanese Intermediate_Japanese_Ln.5 JLPT JLPT_4 JLPT_5 JLPT_N5
元気,げんき,"건강(y), 활력",JLPT JLPT_5 JLPT_N5
～個,～こ,"작은 품목(예: 과일, 컵)을 위한 카운터",JLPT JLPT_2 JLPT_5 JLPT_N5
五,ご,다섯,JLPT JLPT_3 JLPT_5 JLPT_N5
～語,～ご,"단어, 언어",JLPT JLPT_5 JLPT_N5
公園,こうえん,공원,Genki Genki_Ln.4 JLPT JLPT_3 JLPT_5 JLPT_N5
交差点,こうさてん,교차로,JLPT JLPT_5 JLPT_N5
紅茶,こうちゃ,홍차,Genki Genki_Ln.13 JLPT JLPT_5 JLPT_N5
交番,こうばん,파출소,JLPT JLPT_5 JLPT_N5
声,こえ,목소리,Intermediate_Japanese Intermediate_Japanese_Ln.2 JLPT JLPT_5 JLPT_N5
コート,コート,코트; 코트(예: 테니스),JLPT JLPT_5 JLPT_N5
コーヒー,コーヒー,커피,Genki Genki_Ln.3 JLPT JLPT_5 JLPT_N5
ここ,ここ,"여기, 이 곳",Genki Genki_Ln.4 JLPT JLPT_3 JLPT_5 JLPT_N5
午後,ごご,"오후, P.M.",Genki Genki_Ln.1 JLPT JLPT_5 JLPT_N5
九日,ここのか,9일; 매월 9일,Genki Genki_Ln.13 JLPT JLPT_5 JLPT_N5
九つ,ここのつ,아홉 가지,Genki Genki_Ln.9 JLPT JLPT_5 JLPT_N5
午前,ごぜん,"아침, A.M.",Genki Genki_Ln.1 JLPT JLPT_5 JLPT_N5
答える,こたえる,"대답하다, 대답하다",JLPT JLPT_5 JLPT_N5
こちら,こちら,이 사람 (예의바르게); 이쪽으로 (정중하게),Genki Genki_Ln.11 Genki_Ln.19 JLPT JLPT_5 JLPT_N5
こっち,こっち,이 사람; 이 방향; 이쪽,JLPT JLPT_4 JLPT_5 JLPT_N5
コップ,コップ,텀블러; 유리,Genki Genki_Ln.14 JLPT JLPT_5 JLPT_N5
今年,ことし,올해,Genki Genki_Ln.10 JLPT JLPT_5 JLPT_N5
言葉,ことば,언어; 단어); 표현,Genki Genki_Ln.13 Intermediate_Japanese Intermediate_Japanese_Ln.2 JLPT JLPT_5 JLPT_N5
子供,こども,어린이들),Genki Genki_Ln.4 Intermediate_Japanese Intermediate_Japanese_Ln.2 JLPT JLPT_5 JLPT_N5
この,この,이것,JLPT JLPT_3 JLPT_5 JLPT_N5
御飯,ごはん,쌀(요리); 식사,Genki Genki_Ln.4 JLPT JLPT_5 JLPT_N5
コピーする,コピーする,복사하다,JLPT JLPT_3 JLPT_5 JLPT_N5
困る,こまる,"괴로워하다, 어려움을 겪다",Genki Genki_Ln.16 JLPT JLPT_5 JLPT_N5
これ,これ,이거,Genki Genki_Ln.2 JLPT JLPT_5 JLPT_N5
～ころ; ～ごろ,～ころ; ～ごろ,"대략, 대략, 대략 (시간)",JLPT JLPT_5 JLPT_N5
今月,こんげつ,이번 달,Genki Genki_Ln.8 JLPT JLPT_5 JLPT_N5
今週,こんしゅう,이번 주,Genki Genki_Ln.6 JLPT JLPT_5 JLPT_N5
こんな,こんな,"이런, 이런",JLPT JLPT_5 JLPT_N5
今晩,こんばん,"오늘 밤, 오늘 저녁",Genki Genki_Ln.3 Intermediate_Japanese Intermediate_Japanese_Ln.1 JLPT JLPT_5 JLPT_N5
さあ,さあ,"지금 와, 글쎄",JLPT JLPT_5 JLPT_N5
～歳,～さい,~ 살,JLPT JLPT_2 JLPT_5 JLPT_N5
財布,さいふ,지갑,Genki Genki_Ln.2 Intermediate_Japanese Intermediate_Japanese_Ln.4 JLPT JLPT_5 JLPT_N5
魚,さかな,물고기,Genki Genki_Ln.2 JLPT JLPT_5 JLPT_N5
先,さき,"미래; 최근, 이전",JLPT JLPT_5 JLPT_N5
咲く,さく,꽃을 피우다,Genki Genki_Ln.18 JLPT JLPT_3 JLPT_5 JLPT_N5
作文,さくぶん,수필; 구성,Genki Genki_Ln.9 JLPT JLPT_5 JLPT_N5
差す,さす,"손을 들다 (뻗다), (우산 등을) 들다",JLPT JLPT_3 JLPT_5 JLPT_N5
～冊,～さつ,책 카운터,JLPT JLPT_5 JLPT_N5
雑誌,ざっし,"잡지, 저널",Genki Genki_Ln.3 Intermediate_Japanese Intermediate_Japanese_Ln.8 JLPT JLPT_5 JLPT_N5
砂糖,さとう,설탕,Genki Genki_Ln.16 JLPT JLPT_5 JLPT_N5
寒い,さむい,추운 (날씨와 관련하여),Genki Genki_Ln.5 Intermediate_Japanese Intermediate_Japanese_Ln.2 JLPT JLPT_5 JLPT_N5
さ来年,さらいねん,다음 해 이후,JLPT JLPT_5 JLPT_N5
～さん,～さん,"~씨, ~씨",JLPT JLPT_2 JLPT_5 JLPT_N5
三,さん,삼,JLPT JLPT_5 JLPT_N5
散歩,さんぽ (する),"걷다, 산책하다",JLPT JLPT_3 JLPT_5 JLPT_N5
四,し,네,JLPT JLPT_3 JLPT_5 JLPT_N5
～時,～じ,~시(시간),JLPT JLPT_1 JLPT_5 JLPT_N5
塩,しお,소금,JLPT JLPT_5 JLPT_N5
しかし,しかし,하지만; 하지만,Intermediate_Japanese Intermediate_Japanese_Ln.3 JLPT JLPT_5 JLPT_N5
時間,じかん,시간,Genki Genki_Ln.14 JLPT JLPT_2 JLPT_5 JLPT_N5
～時間,～じかん,~ 시간,JLPT JLPT_5 JLPT_N5
仕事,しごと,"일, 직업, 직업, 고용",Genki Genki_Ln.1 Genki_Ln.8 JLPT JLPT_5 JLPT_N5
辞書,じしょ,사전,Genki Genki_Ln.2 JLPT JLPT_5 JLPT_N5
静か,しずか,"조용하다, 차분하다",JLPT JLPT_5 JLPT_N5
下,した,"아래, 아래, 아래",JLPT JLPT_3 JLPT_5 JLPT_N5
七,しち,일곱,JLPT JLPT_3 JLPT_5 JLPT_N5
質問,しつもん,"질문, 문의",Intermediate_Japanese Intermediate_Japanese_Ln.2 JLPT JLPT_5 JLPT_N5
自転車,じてんしゃ,자전거,Genki Genki_Ln.2 JLPT JLPT_5 JLPT_N5
自動車,じどうしゃ,자동차,JLPT JLPT_5 JLPT_N5
死ぬ,しぬ,죽다,Genki Genki_Ln.6 JLPT JLPT_5 JLPT_N5
字引,じびき,사전,JLPT JLPT_5 JLPT_N5
自分,じぶん,나 자신,Genki Genki_Ln.17 Intermediate_Japanese Intermediate_Japanese_Ln.1 JLPT JLPT_5 JLPT_N5
閉まる,しまる,"닫히다, 닫히다",JLPT JLPT_5 JLPT_N5
閉める,しめる,"닫다, 닫다",JLPT JLPT_3 JLPT_5 JLPT_N5
締める,しめる,"묶다, 묶다, 조이다",JLPT JLPT_3 JLPT_5 JLPT_N5
じゃ; じゃあ,じゃ; じゃあ,"그럼, 그럼",JLPT JLPT_3 JLPT_5 JLPT_N5
写真,しゃしん,사진; 사진,Genki Genki_Ln.4 Intermediate_Japanese Intermediate_Japanese_Ln.4 JLPT JLPT_5 JLPT_N5
シャツ,シャツ,셔츠,Genki Genki_Ln.10 JLPT JLPT_5 JLPT_N5
シャワー,シャワー,샤워,JLPT JLPT_5 JLPT_N5
十,じゅう,열,JLPT JLPT_3 JLPT_5 JLPT_N5
～中,～じゅう,"동안, 동안",JLPT JLPT_2 JLPT_5 JLPT_N5
～週間,～しゅうかん,~ 주,JLPT JLPT_5 JLPT_N5
授業,じゅぎょう,(학교의) 수업,Genki Genki_Ln.11 Intermediate_Japanese Intermediate_Japanese_Ln.3 JLPT JLPT_2 JLPT_5 JLPT_N5
宿題,しゅくだい,숙제,Genki Genki_Ln.5 Intermediate_Japanese Intermediate_Japanese_Ln.1 JLPT JLPT_5 JLPT_N5
上手,じょうず,"잘하다, 능숙하다",JLPT JLPT_5 JLPT_N5
丈夫,じょうぶ,"강하다, 견고하다, 내구성이 있다",JLPT JLPT_5 JLPT_N5
醤油,しょうゆ,간장,Genki Genki_Ln.18 JLPT JLPT_5 JLPT_N5
食堂,しょくどう,"카페테리아, 식당",Genki Genki_Ln.7 JLPT JLPT_5 JLPT_N5
知る,しる,"알다, 이해하다",Genki Genki_Ln.7 JLPT JLPT_5 JLPT_N5
白,しろ,하얀색,JLPT JLPT_3 JLPT_5 JLPT_N5
白い,しろい,하얀색,Genki Genki_Ln.9 JLPT JLPT_5 JLPT_N5
～人,～じん,사람들을 위한 카운터,JLPT JLPT_5 JLPT_N5
新聞,しんぶん,신문,Genki Genki_Ln.2 JLPT JLPT_5 JLPT_N5
水曜日,すいようび,수요일,Genki Genki_Ln.4 JLPT JLPT_5 JLPT_N5
吸う,すう,"숨을 들이쉬다, 빨아들이다",JLPT JLPT_3 JLPT_5 JLPT_N5
スカート,スカート,치마,Genki Genki_Ln.18 JLPT JLPT_5 JLPT_N5
好き,すき,"좋아하다, 애호하다, 사랑하다",JLPT JLPT_5 JLPT_N5
～すぎ,～すぎ,"과거; 초과하다, ~을 너무 많이",JLPT JLPT_5 JLPT_N5
少ない,すくない,조금; 몇 가지,Genki Genki_Ln.17 JLPT JLPT_5 JLPT_N5
すぐに,すぐに,"즉시, 곧",JLPT JLPT_5 JLPT_N5
少し,すこし,"조금, 거의",Genki Genki_Ln.21 JLPT JLPT_5 JLPT_N5
涼しい,すずしい,"시원하다, 상쾌하다(날씨에 따라)",Genki Genki_Ln.10 JLPT JLPT_5 JLPT_N5
～ずつ,～ずつ,한 번에,JLPT JLPT_5 JLPT_N5
ストーブ,ストーブ,히터 (점등 : 스토브),Genki Genki_Ln.17 JLPT JLPT_5 JLPT_N5
スプーン,スプーン,숟가락,JLPT JLPT_5 JLPT_N5
スポーツ,スポーツ,스포츠,Genki Genki_Ln.3 JLPT JLPT_5 JLPT_N5
ズボン,ズボン,바지,JLPT JLPT_5 JLPT_N5
住む,すむ,"거주하다, 거주하다",JLPT JLPT_3 JLPT_5 JLPT_N5
する,する,"하려고, 시도하다; 작은 물건(예: 넥타이, 시계 등)을 착용하다",Genki Genki_Ln.17 JLPT JLPT_3 JLPT_5 JLPT_N5
座る,すわる,앉다,JLPT JLPT_5 JLPT_N5
背,せい,"(그의) 키, 키",Intermediate_Japanese Intermediate_Japanese_Ln.4 JLPT JLPT_3 JLPT_5 JLPT_N5
生徒,せいと,학생; 학생,Intermediate_Japanese Intermediate_Japanese_Ln.5 JLPT JLPT_5 JLPT_N5
セーター,セーター,스웨터,Genki Genki_Ln.13 JLPT JLPT_5 JLPT_N5
石鹸,せっけん,비누,JLPT JLPT_5 JLPT_N5
背広,せびろ,남자 정장,Intermediate_Japanese Intermediate_Japanese_Ln.9 JLPT JLPT_5 JLPT_N5
狭い,せまい,좁은; 넓지 않은,Genki Genki_Ln.12 Intermediate_Japanese Intermediate_Japanese_Ln.15 JLPT JLPT_5 JLPT_N5
ゼロ,ゼロ,영,JLPT JLPT_5 JLPT_N5
千,せん,천,JLPT JLPT_5 JLPT_N5
先月,せんげつ,전달,Genki Genki_Ln.9 Intermediate_Japanese Intermediate_Japanese_Ln.1 JLPT JLPT_5 JLPT_N5
先週,せんしゅう,지난주,Genki Genki_Ln.4 JLPT JLPT_5 JLPT_N5
先生,せんせい,"교사, 교수; 주인; 의사",Genki Genki_Ln.1 JLPT JLPT_5 JLPT_N5
洗濯,せんたく,"세탁, 세탁",Intermediate_Japanese Intermediate_Japanese_Ln.11 JLPT JLPT_3 JLPT_5 JLPT_N5
全部,ぜんぶ,"전부, 전체, 전체",Genki Genki_Ln.13 Intermediate_Japanese Intermediate_Japanese_Ln.3 JLPT JLPT_5 JLPT_N5
そう; そうです,そう; そうです,예; 그럴 것으로 보인다,JLPT JLPT_5 JLPT_N5
掃除,そうじ (する),"청소, 쓸어내기",JLPT JLPT_3 JLPT_5 JLPT_N5
そうして; そして,そうして; そして,"그리고, 그렇게",JLPT JLPT_5 JLPT_N5
そこ,そこ,"그 곳, 거기; 바닥, 밑창",Genki Genki_Ln.4 JLPT JLPT_2 JLPT_3 JLPT_5 JLPT_N5
そちら,そちら,저기,JLPT JLPT_5 JLPT_N5
そっち,そっち,저기,JLPT JLPT_5 JLPT_N5
外,そと,"외부, 외부",Genki Genki_Ln.18 Intermediate_Japanese Intermediate_Japanese_Ln.2 JLPT JLPT_5 JLPT_N5
その,その,저것,JLPT JLPT_3 JLPT_5 JLPT_N5
そば,そば,"가까이, 가까이, 옆에; 일본 전통 메밀 국수",Genki Genki_Ln.15 JLPT JLPT_3 JLPT_5 JLPT_N5
空,そら,하늘,JLPT JLPT_5 JLPT_N5
それ,それ,그거,Genki Genki_Ln.2 JLPT JLPT_3 JLPT_5 JLPT_N5
それから,それから,"그리고, 그 이후에는",Intermediate_Japanese Intermediate_Japanese_Ln.1 JLPT JLPT_5 JLPT_N5
それでは,それでは,그렇다면 그 상황에서는...,JLPT JLPT_5 JLPT_N5
～台,～だい,차량용 카운터; 기계,JLPT JLPT_5 JLPT_N5
大学,だいがく,대학; 대학교,Genki Genki_Ln.1 JLPT JLPT_5 JLPT_N5
大使館,たいしかん,대사관,JLPT JLPT_5 JLPT_N5
大丈夫,だいじょうぶ,괜찮아 (괜찮아) 걱정할 필요가 없습니다. 모든 것이 통제되고 있습니다,Genki Genki_Ln.5 Intermediate_Japanese Intermediate_Japanese_Ln.3 JLPT JLPT_5 JLPT_N5
大好き,だいすき,"매우 좋아할 만하다, 매우 좋아한다",JLPT JLPT_5 JLPT_N5
大切,たいせつ,중요한,JLPT JLPT_5 JLPT_N5
台所,だいどころ,주방,JLPT JLPT_5 JLPT_N5
大変,たいへん,"매우; 어렵다, 어렵다",JLPT JLPT_3 JLPT_5 JLPT_N5
高い,たかい,"키가 크다, 키가 크다; 값비싼",Genki Genki_Ln.2 JLPT JLPT_5 JLPT_N5
～だけ,～だけ,"단지 ~, 그냥 ~, ~처럼",JLPT JLPT_1 JLPT_5 JLPT_N5
沢山,たくさん,"많이, 많이",JLPT JLPT_5 JLPT_N5
タクシー,タクシー,택시,JLPT JLPT_5 JLPT_N5
出す,だす,(무엇을) 꺼내다; (무엇을) 넘겨주다,Genki Genki_Ln.16 JLPT JLPT_5 JLPT_N5
～たち,～たち,복수 접미사,JLPT JLPT_5 JLPT_N5
立つ,たつ,일어서다,Genki Genki_Ln.6 JLPT JLPT_3 JLPT_5 JLPT_N5
たて,たて,"길이, 높이",JLPT JLPT_3 JLPT_5 JLPT_N5
建物,たてもの,건물,Intermediate_Japanese Intermediate_Japanese_Ln.5 JLPT JLPT_5 JLPT_N5
楽しい,たのしい,"즐거운, 재미있는",Genki Genki_Ln.5 JLPT JLPT_5 JLPT_N5
頼む,たのむ,"(부탁을) 청하다, 부탁하다",Genki Genki_Ln.18 Intermediate_Japanese Intermediate_Japanese_Ln.3 JLPT JLPT_5 JLPT_N5
たばこ,たばこ,"담배, 담배",JLPT JLPT_5 JLPT_N5
多分,たぶん,"아마, 아마도, 아마도",Genki Genki_Ln.12 Intermediate_Japanese Intermediate_Japanese_Ln.2 JLPT JLPT_3 JLPT_5 JLPT_N5
食べ物,たべもの,음식,Genki Genki_Ln.5 JLPT JLPT_5 JLPT_N5
食べる,たべる,먹다,JLPT JLPT_5 JLPT_N5
卵,たまご,계란,Intermediate_Japanese Intermediate_Japanese_Ln.6 JLPT JLPT_5 JLPT_N5
誰,だれ,WHO,Genki Genki_Ln.2 JLPT JLPT_5 JLPT_N5
誰か,だれか,누구,JLPT JLPT_3 JLPT_5 JLPT_N5
誕生日,たんじょうび,생일,Genki Genki_Ln.5 JLPT JLPT_5 JLPT_N5
段々,だんだん,"점차적으로, 정도에 따라",JLPT JLPT_5 JLPT_N5
小さい,ちいさい,"작은, 작은",Genki Genki_Ln.5 JLPT JLPT_5 JLPT_N5
小さな,ちいさな,"작은, 작은",JLPT JLPT_5 JLPT_N5
近い,ちかい,"가깝다, 가깝다, 짧다",Genki Genki_Ln.13 JLPT JLPT_5 JLPT_N5
違う,ちがう,다르다; 다르다; 잘못된,Genki Genki_Ln.23 Intermediate_Japanese Intermediate_Japanese_Ln.1 JLPT JLPT_5 JLPT_N5
近く,ちかく,가까운; 동네에,Intermediate_Japanese Intermediate_Japanese_Ln.1 JLPT JLPT_5 JLPT_N5
地下鉄,ちかてつ,"지하철, 지하철",Genki Genki_Ln.10 JLPT JLPT_5 JLPT_N5
地図,ちず,지도,Genki Genki_Ln.15 Intermediate_Japanese Intermediate_Japanese_Ln.12 JLPT JLPT_5 JLPT_N5
父,ちち,(나의) 아버지,Genki Genki_Ln.7 JLPT JLPT_5 JLPT_N5
茶色,ちゃいろ,갈색,JLPT JLPT_5 JLPT_N5
茶碗,ちゃわん,밥그릇,JLPT JLPT_5 JLPT_N5
～中,～ちゅう,"~하는 동안, ~하는 동안",JLPT JLPT_5 JLPT_N5
丁度,ちょうど,"그냥, 맞아, 정확히는",JLPT JLPT_5 JLPT_N5
ちょっと,ちょっと,"조금, 다소; 그냥 조금, 어느 정도",Genki Genki_Ln.3 JLPT JLPT_2 JLPT_5 JLPT_N5
一日,ついたち,어느 날; 매월 첫째 날,JLPT JLPT_5 JLPT_N5
使う,つかう,사용하다,JLPT JLPT_5 JLPT_N5
疲れる,つかれる,피곤해지다; 피곤해지다,Genki Genki_Ln.11 Intermediate_Japanese Intermediate_Japanese_Ln.10 JLPT JLPT_5 JLPT_N5
次,つぎ,다음,Genki Genki_Ln.6 JLPT JLPT_5 JLPT_N5
着く,つく,"도착하다, 도달하다",JLPT JLPT_3 JLPT_5 JLPT_N5
机,つくえ,책상,Genki Genki_Ln.4 Intermediate_Japanese Intermediate_Japanese_Ln.10 JLPT JLPT_5 JLPT_N5
作る,つくる,"만들다, 창조하다",Genki Genki_Ln.8 JLPT JLPT_5 JLPT_N5
つける,つける,켜다(예: 조명); 가져가다,JLPT JLPT_3 JLPT_4 JLPT_5 JLPT_N5
勤める,つとめる,(을 위해) 일하다,JLPT JLPT_5 JLPT_N5
つまらない,つまらない,지루하고 지루하다. 의미 없는,Genki Genki_Ln.5 JLPT JLPT_5 JLPT_N5
冷たい,つめたい,"차가운 (사물, 사람)",Genki Genki_Ln.10 JLPT JLPT_5 JLPT_N5
強い,つよい,"강한, 강력한",Genki Genki_Ln.17 Intermediate_Japanese Intermediate_Japanese_Ln.13 JLPT JLPT_5 JLPT_N5
手,て,손,JLPT JLPT_5 JLPT_N5
テープ,テープ,줄자,Genki Genki_Ln.2 JLPT JLPT_5 JLPT_N5
テープレコーダー,テープレコーダー,테이프 레코더,JLPT JLPT_5 JLPT_N5
テーブル,テーブル,테이블,JLPT JLPT_5 JLPT_N5
出かける,でかける,나가다; 출발하다,Genki Genki_Ln.5 JLPT JLPT_5 JLPT_N5
手紙,てがみ,편지,Genki Genki_Ln.4 JLPT JLPT_5 JLPT_N5
できる,できる,(성취하다) 할 수 있다,JLPT JLPT_3 JLPT_4 JLPT_5 JLPT_N5
出口,でぐち,출구,Intermediate_Japanese Intermediate_Japanese_Ln.7 JLPT JLPT_5 JLPT_N5
テスト,テスト,시험,Genki Genki_Ln.5 JLPT JLPT_5 JLPT_N5
では,では,"그럼, 그럼요.",JLPT JLPT_3 JLPT_5 JLPT_N5
デパート,デパート,(약어) 백화점,Genki Genki_Ln.4 JLPT JLPT_5 JLPT_N5
でも,でも,"하지만, 그러나",JLPT JLPT_3 JLPT_5 JLPT_N5
出る,でる,"나타나다, 떠나다",JLPT JLPT_5 JLPT_N5
テレビ,テレビ,"텔레비전, 텔레비전",Genki Genki_Ln.3 JLPT JLPT_5 JLPT_N5
天気,てんき,날씨,Genki Genki_Ln.5 JLPT JLPT_5 JLPT_N5
電気,でんき,"전기, (전기) 조명",Genki Genki_Ln.6 JLPT JLPT_5 JLPT_N5
電車,でんしゃ,전기 열차,Genki Genki_Ln.6 JLPT JLPT_5 JLPT_N5
電話,でんわ,전화,Genki Genki_Ln.1 JLPT JLPT_5 JLPT_N5
戸,と,문(일본식),JLPT JLPT_5 JLPT_N5
～度,～ど,발생 카운터; ~ 정도; ~ 포인트,JLPT JLPT_1 JLPT_5 JLPT_N5
ドア,ドア,문(서양식),JLPT JLPT_5 JLPT_N5
トイレ,トイレ,화장실; 화장실,Intermediate_Japanese Intermediate_Japanese_Ln.10 JLPT JLPT_5 JLPT_N5
どう,どう,"어떻게, 어떤 식으로",JLPT JLPT_5 JLPT_N5
どうして,どうして,"왜, 무슨 이유로",Genki Genki_Ln.4 JLPT JLPT_5 JLPT_N5
どうぞ,どうぞ,"제발, 부디, 꼭",JLPT JLPT_5 JLPT_N5
動物,どうぶつ,동물,Intermediate_Japanese Intermediate_Japanese_Ln.10 JLPT JLPT_5 JLPT_N5
どうも,どうも,감사합니다; 어떻게든; 아무리 노력해도,Genki Genki_Ln.2 Intermediate_Japanese Intermediate_Japanese_Ln.1 JLPT JLPT_5 JLPT_N5
十,(〜を) とお,열(~),Genki Genki_Ln.9 JLPT JLPT_3 JLPT_5 JLPT_N5
遠い,とおい,"멀리(멀리), 먼",Genki Genki_Ln.21 JLPT JLPT_5 JLPT_N5
十日,とおか,일순; 매월 열흘,Genki Genki_Ln.13 JLPT JLPT_5 JLPT_N5
～時,～とき,~할 때,JLPT JLPT_3 JLPT_5 JLPT_N5
時々,ときどき,때때로,Genki Genki_Ln.3 JLPT JLPT_5 JLPT_N5
時計,とけい,시계; 시계,Genki Genki_Ln.2 Intermediate_Japanese Intermediate_Japanese_Ln.2 JLPT JLPT_5 JLPT_N5
どこ,どこ,"어디서, 어떤 곳에서",Genki Genki_Ln.2 JLPT JLPT_5 JLPT_N5
所,ところ,장소,Genki Genki_Ln.8 Intermediate_Japanese Intermediate_Japanese_Ln.1 JLPT JLPT_5 JLPT_N5
年,とし,"년, 나이",JLPT JLPT_3 JLPT_5 JLPT_N5
図書館,としょかん,도서관,Genki Genki_Ln.2 Intermediate_Japanese Intermediate_Japanese_Ln.5 JLPT JLPT_5 JLPT_N5
どちら,どちら,어느 (하나) (방법); 어디 (정중하게),Genki Genki_Ln.10 Genki_Ln.19 JLPT JLPT_5 JLPT_N5
どっち,どっち,"어느 쪽, 어느 쪽으로",Genki Genki_Ln.10 JLPT JLPT_5 JLPT_N5
とても,とても,"매우(많이), 크게, 엄청나게",Genki Genki_Ln.5 Intermediate_Japanese Intermediate_Japanese_Ln.1 JLPT JLPT_3 JLPT_5 JLPT_N5
どなた,どなた,WHO,JLPT JLPT_5 JLPT_N5
隣,となり,"옆집, 옆집",Intermediate_Japanese Intermediate_Japanese_Ln.1 JLPT JLPT_5 JLPT_N5
どの,どの,어느,JLPT JLPT_5 JLPT_N5
飛ぶ,とぶ,"날다, 뛰다",JLPT JLPT_5 JLPT_N5
止まる,とまる,멈추다,JLPT JLPT_5 JLPT_N5
友達,ともだち,친구,Genki Genki_Ln.1 Intermediate_Japanese Intermediate_Japanese_Ln.1 JLPT JLPT_5 JLPT_N5
土曜日,どようび,토요일,Genki Genki_Ln.3 JLPT JLPT_3 JLPT_5 JLPT_N5
鳥,とり,"닭 (점등어, 새)",Intermediate_Japanese Intermediate_Japanese_Ln.6 JLPT JLPT_5 JLPT_N5
鶏肉,とりにく,닭고기,JLPT JLPT_5 JLPT_N5
取る,とる,(수업을) 듣다; (등급을) 얻으다,Genki Genki_Ln.11 Intermediate_Japanese Intermediate_Japanese_Ln.1 JLPT JLPT_5 JLPT_N5
撮る,とる,"(사진을) 찍다, (영화를) 찍다",JLPT JLPT_5 JLPT_N5
どれ,どれ,어느 것,Genki Genki_Ln.2 JLPT JLPT_3 JLPT_5 JLPT_N5
どんな,どんな,"뭐, 어떤 종류의",JLPT JLPT_3 JLPT_5 JLPT_N5
ない,ない,"없어, 없어",JLPT JLPT_5 JLPT_N5
ナイフ,ナイフ,칼,JLPT JLPT_5 JLPT_N5
中,なか,"내부, 중간, 가운데",JLPT JLPT_3 JLPT_5 JLPT_N5
長い,ながい,"길다, 길다",Genki Genki_Ln.7 Intermediate_Japanese Intermediate_Japanese_Ln.4 JLPT JLPT_2 JLPT_5 JLPT_N5
鳴く,なく,소리를 내다 (동물),JLPT JLPT_5 JLPT_N5
無くす,なくす,뭔가를 잃다,JLPT JLPT_3 JLPT_5 JLPT_N5
なぜ,なぜ,왜(どуして와 동일),Genki Genki_Ln.19 JLPT JLPT_5 JLPT_N5
夏,なつ,여름,Genki Genki_Ln.8 Intermediate_Japanese Intermediate_Japanese_Ln.4 JLPT JLPT_5 JLPT_N5
夏休み,なつやすみ,여름방학,JLPT JLPT_5 JLPT_N5
～など,～など,등등,JLPT JLPT_3 JLPT_5 JLPT_N5
七つ,ななつ,일곱 가지,Genki Genki_Ln.9 JLPT JLPT_3 JLPT_5 JLPT_N5
何,なん; なに,무엇,Genki Genki_Ln.1 JLPT JLPT_3 JLPT_5 JLPT_N5
七日,なのか,7일; 일곱째 날(달의),Genki Genki_Ln.13 JLPT JLPT_5 JLPT_N5
名前,なまえ,이름,Genki Genki_Ln.1 JLPT JLPT_5 JLPT_N5
習う,ならう,배우다,Genki Genki_Ln.11 JLPT JLPT_5 JLPT_N5
並ぶ,ならぶ,"줄을 서다, 줄을 서다 (v.i.)",Intermediate_Japanese Intermediate_Japanese_Ln.7 JLPT JLPT_5 JLPT_N5
並べる,ならべる,(사물)을 나란히 놓다; 줄을 서다,Intermediate_Japanese Intermediate_Japanese_Ln.15 JLPT JLPT_5 JLPT_N5
なる,なる,되다,Genki Genki_Ln.10 JLPT JLPT_3 JLPT_5 JLPT_N5
何～,なん～,어떤 종류의 ~,JLPT JLPT_5 JLPT_N5
二,に,둘,JLPT JLPT_5 JLPT_N5
にぎやか,にぎやか,"분주하다, 분주하다",JLPT JLPT_5 JLPT_N5
肉,にく,고기,Genki Genki_Ln.2 JLPT JLPT_5 JLPT_N5
西,にし,서쪽,JLPT JLPT_5 JLPT_N5
～日,～にち,"~일, ~일 동안",JLPT JLPT_5 JLPT_N5
日曜日,にちようび,일요일,Genki Genki_Ln.3 JLPT JLPT_3 JLPT_5 JLPT_N5
荷物,にもつ,수화물; 수하물,Genki Genki_Ln.6 Intermediate_Japanese Intermediate_Japanese_Ln.6 JLPT JLPT_5 JLPT_N5
ニュース,ニュース,소식,Genki Genki_Ln.17 JLPT JLPT_5 JLPT_N5
庭,にわ,정원,Genki Genki_Ln.15 JLPT JLPT_5 JLPT_N5
～人,～にん,사람들을 위한 카운터,JLPT JLPT_5 JLPT_N5
脱ぐ,ぬぐ,(옷을) 벗다,Genki Genki_Ln.17 JLPT JLPT_5 JLPT_N5
温い,ぬるい,미적지근한,JLPT JLPT_3 JLPT_5 JLPT_N5
ネクタイ,ネクタイ,"넥타이, 넥타이",Genki Genki_Ln.14 JLPT JLPT_5 JLPT_N5
猫,ねこ,고양이,Genki Genki_Ln.4 JLPT JLPT_5 JLPT_N5
寝る,ねる,자다; 잠들다; 잠자리에 들다,Genki Genki_Ln.3 Intermediate_Japanese Intermediate_Japanese_Ln.2 JLPT JLPT_5 JLPT_N5
～年,～ねん,~년,JLPT JLPT_5 JLPT_N5
ノート,ノート,공책,Genki Genki_Ln.2 JLPT JLPT_5 JLPT_N5
登る,のぼる,오르다,JLPT JLPT_3 JLPT_5 JLPT_N5
飲み物,のみもの,"음료수, 마실 것",Genki Genki_Ln.5 JLPT JLPT_5 JLPT_N5
飲む,のむ,마시다,JLPT JLPT_5 JLPT_N5
乗る,のる,"타다, 타다, 탑승하다",JLPT JLPT_3 JLPT_5 JLPT_N5
歯,は,이빨,Genki Genki_Ln.12 Intermediate_Japanese Intermediate_Japanese_Ln.12 JLPT JLPT_5 JLPT_N5
パーティー,パーティー,파티,Genki Genki_Ln.8 JLPT JLPT_5 JLPT_N5
はい,はい,예,Genki Genki_Ln.1 JLPT JLPT_3 JLPT_5 JLPT_N5
～杯,～はい,한 컵 분량의 카운터,JLPT JLPT_5 JLPT_N5
灰皿,はいざら,재떨이,JLPT JLPT_5 JLPT_N5
入る,はいる,"들어가다, 담다, 보유하다",JLPT JLPT_5 JLPT_N5
葉書,はがき,엽서,Genki Genki_Ln.5 JLPT JLPT_5 JLPT_N5
はく,はく,(허리 아래에 있는 물건을) 입다,Genki Genki_Ln.7 JLPT JLPT_3 JLPT_5 JLPT_N5
箱,はこ,상자,JLPT JLPT_5 JLPT_N5
橋,はし,다리,JLPT JLPT_3 JLPT_5 JLPT_N5
箸,はし,젓가락,Genki Genki_Ln.8 JLPT JLPT_3 JLPT_5 JLPT_N5
始まる,はじまる,(무엇이) 시작되다,Genki Genki_Ln.9 JLPT JLPT_5 JLPT_N5
初め; 始め,はじめ,"시작하다, 시작하다",JLPT JLPT_3 JLPT_5 JLPT_N5
初めて,はじめて,처음으로,Genki Genki_Ln.12 Intermediate_Japanese Intermediate_Japanese_Ln.1 JLPT JLPT_5 JLPT_N5
走る,はしる,달리다,Genki Genki_Ln.22 Intermediate_Japanese Intermediate_Japanese_Ln.10 JLPT JLPT_5 JLPT_N5
バス,バス,버스; 욕조; 베이스,Genki Genki_Ln.5 Intermediate_Japanese Intermediate_Japanese_Ln.10 JLPT JLPT_1 JLPT_5 JLPT_N5
バター,バター,버터,JLPT JLPT_5 JLPT_N5
二十歳,はたち,20세,JLPT JLPT_3 JLPT_5 JLPT_N5
働く,はたらく,일하다,Genki Genki_Ln.11 Intermediate_Japanese Intermediate_Japanese_Ln.9 JLPT JLPT_5 JLPT_N5
八,はち,여덟,JLPT JLPT_5 JLPT_N5
二十日,はつか,"이십일, 이십일(매월의 날)",JLPT JLPT_5 JLPT_N5
花,はな,꽃,JLPT JLPT_5 JLPT_N5
鼻,はな,코,JLPT JLPT_5 JLPT_N5
話,はなし,"이야기(채팅), 이야기",Genki Genki_Ln.19 JLPT JLPT_5 JLPT_N5
話す,はなす,말하다,JLPT JLPT_3 JLPT_5 JLPT_N5
母,はは,(나의) 어머니,Genki Genki_Ln.14 JLPT JLPT_5 JLPT_N5
早い,はやい,일찍,Genki Genki_Ln.3 JLPT JLPT_5 JLPT_N5
速い,はやい,"빨리, 빨리",Genki Genki_Ln.7 Intermediate_Japanese Intermediate_Japanese_Ln.4 JLPT JLPT_5 JLPT_N5
春,はる,봄,Genki Genki_Ln.10 Intermediate_Japanese Intermediate_Japanese_Ln.4 JLPT JLPT_3 JLPT_5 JLPT_N5
貼る,はる,게시하다; 붙여 넣기; 부착하다,Genki Genki_Ln.21 Intermediate_Japanese Intermediate_Japanese_Ln.3 JLPT JLPT_3 JLPT_5 JLPT_N5
晴れ,はれ,맑은(화창한) 날씨,Genki Genki_Ln.12 JLPT JLPT_5 JLPT_N5
晴れる,はれる,화창하다,Genki Genki_Ln.19 JLPT JLPT_5 JLPT_N5
半,はん,반(예: にじはん | 2시 반),Genki Genki_Ln.1 JLPT JLPT_3 JLPT_5 JLPT_N5
晩,ばん,저녁,JLPT JLPT_3 JLPT_5 JLPT_N5
～番,～ばん,~st; ~최고,JLPT JLPT_5 JLPT_N5
パン,パン,빵,Genki Genki_Ln.4 JLPT JLPT_5 JLPT_N5
ハンカチ,ハンカチ,손수건,JLPT JLPT_5 JLPT_N5
番号,ばんごう,"숫자, 일련의 숫자",Genki Genki_Ln.1 JLPT JLPT_5 JLPT_N5
晩御飯,ばんごはん,"저녁식사, 저녁식사",Genki Genki_Ln.3 JLPT JLPT_5 JLPT_N5
半分,はんぶん,반,JLPT JLPT_5 JLPT_N5
東,ひがし,동쪽,JLPT JLPT_5 JLPT_N5
～匹,～ひき,작은 동물용 카운터,JLPT JLPT_5 JLPT_N5
引く,ひく,"당기다, 그리다; 덜다",JLPT JLPT_2 JLPT_3 JLPT_5 JLPT_N5
弾く,ひく,(현악기나 피아노를) 연주하다,Genki Genki_Ln.9 JLPT JLPT_3 JLPT_5 JLPT_N5
低い,ひくい,"짧다, 낮다",JLPT JLPT_5 JLPT_N5
飛行機,ひこうき,비행기,Genki Genki_Ln.5 Intermediate_Japanese Intermediate_Japanese_Ln.1 JLPT JLPT_5 JLPT_N5
左,ひだり,왼쪽,JLPT JLPT_5 JLPT_N5
人,ひと,"남자, 사람",Genki Genki_Ln.4 JLPT JLPT_5 JLPT_N5
一つ,ひとつ,한 가지,Genki Genki_Ln.9 JLPT JLPT_5 JLPT_N5
一月,ひとつき,한 달,JLPT JLPT_5 JLPT_N5
一人,ひとり,한 사람,Genki Genki_Ln.7 JLPT JLPT_3 JLPT_5 JLPT_N5
暇,ひま,"자유시간, 여가",JLPT JLPT_5 JLPT_N5
百,ひゃく,백,JLPT JLPT_5 JLPT_N5
病院,びょういん,병원,Genki Genki_Ln.4 JLPT JLPT_5 JLPT_N5
病気,びょうき,병; 병,Genki Genki_Ln.9 Intermediate_Japanese Intermediate_Japanese_Ln.2 JLPT JLPT_5 JLPT_N5
平仮名,ひらがな,히라가나,JLPT JLPT_5 JLPT_N5
昼,ひる,"정오, 낮",JLPT JLPT_5 JLPT_N5
昼御飯,ひるごはん,"점심, 점심식사",Genki Genki_Ln.3 JLPT JLPT_5 JLPT_N5
広い,ひろい,넓다; 넓은; 넓은,Genki Genki_Ln.15 Intermediate_Japanese Intermediate_Japanese_Ln.15 JLPT JLPT_5 JLPT_N5
フィルム,フィルム,필름(롤),JLPT JLPT_5 JLPT_N5
封筒,ふうとう,봉투,Intermediate_Japanese Intermediate_Japanese_Ln.3 JLPT JLPT_5 JLPT_N5
プール,プール,수영장,Genki Genki_Ln.15 JLPT JLPT_5 JLPT_N5
フォーク,フォーク,포크,JLPT JLPT_5 JLPT_N5
吹く,ふく,(바람 등을) 불다,Genki Genki_Ln.22 JLPT JLPT_3 JLPT_5 JLPT_N5
服,ふく,옷,Genki Genki_Ln.12 JLPT JLPT_3 JLPT_5 JLPT_N5
二つ,ふたつ,두 가지,Genki Genki_Ln.9 JLPT JLPT_5 JLPT_N5
豚肉,ぶたにく,돼지고기,JLPT JLPT_5 JLPT_N5
二人,ふたり,두 사람,Genki Genki_Ln.7 JLPT JLPT_5 JLPT_N5
二日,ふつか,이틀; 매월 둘째 날,Genki Genki_Ln.13 JLPT JLPT_5 JLPT_N5
太い,ふとい,"뚱뚱하다, 두껍다",JLPT JLPT_5 JLPT_N5
冬,ふゆ,겨울,Genki Genki_Ln.8 Intermediate_Japanese Intermediate_Japanese_Ln.4 JLPT JLPT_5 JLPT_N5
降る,ふる,"침전하다, 떨어지다 (예: 비, 눈 등)",Intermediate_Japanese Intermediate_Japanese_Ln.2 JLPT JLPT_3 JLPT_5 JLPT_N5
古い,ふるい,"오래된 (사람이 아닌 사물과 관련하여), 나이가 많은, 고대의",Genki Genki_Ln.5 JLPT JLPT_5 JLPT_N5
～分,～ふん,~ 분,JLPT JLPT_5 JLPT_N5
文章,ぶんしょう,"문장, 텍스트",JLPT JLPT_5 JLPT_N5
ページ,ページ,페이지,Genki Genki_Ln.6 JLPT JLPT_5 JLPT_N5
下手,へた,"미숙한, 가난한",JLPT JLPT_5 JLPT_N5
ベッド,ベッド,침대,JLPT JLPT_5 JLPT_N5
ペット,ペット,애완 동물,Genki Genki_Ln.15 JLPT JLPT_3 JLPT_5 JLPT_N5
部屋,へや,방,Genki Genki_Ln.5 Intermediate_Japanese Intermediate_Japanese_Ln.2 JLPT JLPT_5 JLPT_N5
辺,へん,"지역, 부근",JLPT JLPT_5 JLPT_N5
ペン,ペン,펜,Genki Genki_Ln.2 JLPT JLPT_5 JLPT_N5
勉強,べんきょう (する),공부하다,JLPT JLPT_3 JLPT_5 JLPT_N5
便利,べんり,"편리하다, 편리하다",JLPT JLPT_5 JLPT_N5
帽子,ぼうし,모자; 캡,Genki Genki_Ln.2 JLPT JLPT_5 JLPT_N5
ボールペン,ボールペン,볼펜,JLPT JLPT_5 JLPT_N5
外,ほか,"그 외, 나머지",JLPT JLPT_3 JLPT_5 JLPT_N5
ポケット,ポケット,포켓,JLPT JLPT_5 JLPT_N5
欲しい,ほしい,"원하다, 필요로 하다",JLPT JLPT_5 JLPT_N5
ポスト,ポスト,"사서함; 포스트, 위치",JLPT JLPT_5 JLPT_N5
細い,ほそい,"가늘다, 가늘다, 좋다",JLPT JLPT_5 JLPT_N5
ボタン,ボタン,단추,JLPT JLPT_5 JLPT_N5
ホテル,ホテル,호텔,Genki Genki_Ln.4 JLPT JLPT_5 JLPT_N5
本,ほん,책,Genki Genki_Ln.2 JLPT JLPT_5 JLPT_N5
～本,～ほん,긴 원통형 물건을 위한 카운터,JLPT JLPT_2 JLPT_5 JLPT_N5
本棚,ほんだな,책장,JLPT JLPT_5 JLPT_N5
本当,ほんとう,"진짜, 사실",JLPT JLPT_3 JLPT_5 JLPT_N5
～枚,～まい,평평한 물건을 위한 카운터,JLPT JLPT_5 JLPT_N5
毎朝,まいあさ,매일 아침,Genki Genki_Ln.19 JLPT JLPT_5 JLPT_N5
毎月,まいげつ; まいつき,"매달, 매월",JLPT JLPT_5 JLPT_N5
毎週,まいしゅう,매주,Genki Genki_Ln.8 JLPT JLPT_5 JLPT_N5
毎日,まいにち,매일,Genki Genki_Ln.3 JLPT JLPT_5 JLPT_N5
毎年,まいねん; まいとし,"매년, 매년, 매년",JLPT JLPT_5 JLPT_N5
毎晩,まいばん,매일 밤,Genki Genki_Ln.3 JLPT JLPT_5 JLPT_N5
前,まえ,"전에, 앞에",Genki Genki_Ln.17 JLPT JLPT_5 JLPT_N5
～前,～まえ,~앞에,JLPT JLPT_5 JLPT_N5
曲る,まがる,"돌리다, 구부리다",JLPT JLPT_3 JLPT_5 JLPT_N5
まずい,まずい,"끔찍한 (음식과 관련하여), 맛이 없는, 불쾌한 (맛)",Genki Genki_Ln.23 JLPT JLPT_5 JLPT_N5
また,また,그리고; 뿐만 아니라,Genki Genki_Ln.20 Intermediate_Japanese Intermediate_Japanese_Ln.5 JLPT JLPT_3 JLPT_5 JLPT_N5
まだ,まだ,"아직, 아직, 게다가",Genki Genki_Ln.19 JLPT JLPT_3 JLPT_5 JLPT_N5
町,まち,도시; 도시,Genki Genki_Ln.4 Intermediate_Japanese Intermediate_Japanese_Ln.1 JLPT JLPT_3 JLPT_5 JLPT_N5
待つ,まつ,기다리다,JLPT JLPT_3 JLPT_5 JLPT_N5
まっすぐ,まっすぐ,"직진(앞), 곧장",JLPT JLPT_3 JLPT_5 JLPT_N5
マッチ,マッチ,성냥,JLPT JLPT_5 JLPT_N5
窓,まど,창문,Genki Genki_Ln.6 JLPT JLPT_5 JLPT_N5
丸い; 円い,まるい,"원형, 원형",JLPT JLPT_3 JLPT_5 JLPT_N5
万,まん,만,JLPT JLPT_5 JLPT_N5
万年筆,まんねんひつ,만년필,JLPT JLPT_5 JLPT_N5
磨く,みがく,(치아를) 닦다; 닦다,Genki Genki_Ln.13 JLPT JLPT_5 JLPT_N5
右,みぎ,오른쪽,JLPT JLPT_5 JLPT_N5
短い,みじかい,짧은 (길이),Genki Genki_Ln.7 Intermediate_Japanese Intermediate_Japanese_Ln.11 JLPT JLPT_5 JLPT_N5
水,みず,물,Genki Genki_Ln.3 JLPT JLPT_5 JLPT_N5
店,みせ,"가게, 가게",Genki Genki_Ln.13 Intermediate_Japanese Intermediate_Japanese_Ln.6 JLPT JLPT_5 JLPT_N5
見せる,みせる,"보여주다, 전시하다",Genki Genki_Ln.16 JLPT JLPT_5 JLPT_N5
道,みち,"도로, 거리; 길, 방향",Genki Genki_Ln.16 JLPT JLPT_5 JLPT_N5
三日,みっか,"3일, 매월 3일",Genki Genki_Ln.13 JLPT JLPT_5 JLPT_N5
三つ,みっつ,세개,Genki Genki_Ln.9 JLPT JLPT_5 JLPT_N5
緑,みどり,녹색,JLPT JLPT_5 JLPT_N5
皆さん,みなさん,"여러분, 여러분",Intermediate_Japanese Intermediate_Japanese_Ln.4 JLPT JLPT_5 JLPT_N5
南,みなみ,남쪽,Intermediate_Japanese Intermediate_Japanese_Ln.10 JLPT JLPT_5 JLPT_N5
耳,みみ,귀,Intermediate_Japanese Intermediate_Japanese_Ln.5 JLPT JLPT_5 JLPT_N5
見る,みる,"보다, 보다",JLPT JLPT_3 JLPT_5 JLPT_N5
みんな,みんな,"모두, 모두, 모두",Genki Genki_Ln.9 JLPT JLPT_3 JLPT_5 JLPT_N5
六日,むいか,6일; 매월 여섯째 날,Genki Genki_Ln.13 JLPT JLPT_5 JLPT_N5
向こう,むこう,"저 너머, 저기",JLPT JLPT_5 JLPT_N5
難しい,むずかしい,어려운,Genki Genki_Ln.5 Intermediate_Japanese Intermediate_Japanese_Ln.2 JLPT JLPT_5 JLPT_N5
六つ,むっつ,여섯 가지,Genki Genki_Ln.9 JLPT JLPT_5 JLPT_N5
村,むら,마을,Intermediate_Japanese Intermediate_Japanese_Ln.10 JLPT JLPT_5 JLPT_N5
目,め,눈),Genki Genki_Ln.7 JLPT JLPT_3 JLPT_5 JLPT_N5
メートル,メートル,미터,JLPT JLPT_5 JLPT_N5
眼鏡,めがね,안경,Genki Genki_Ln.7 JLPT JLPT_5 JLPT_N5
もう,もう,이미; 다시; 더,Genki Genki_Ln.9 JLPT JLPT_2 JLPT_5 JLPT_N5
木曜日,もくようび,목요일,Genki Genki_Ln.4 JLPT JLPT_3 JLPT_5 JLPT_N5
もしもし,もしもし,안녕하세요? (전화에서 사용됨),Genki Genki_Ln.4 JLPT JLPT_5 JLPT_N5
持つ,もつ,"보유하다, 운반하다; 소유하다",JLPT JLPT_5 JLPT_N5
もっと,もっと,더,Genki Genki_Ln.11 JLPT JLPT_3 JLPT_5 JLPT_N5
物,もの,사물(구체적인 물체),Genki Genki_Ln.12 JLPT JLPT_3 JLPT_5 JLPT_N5
門,もん,문,JLPT JLPT_5 JLPT_N5
問題,もんだい,문제,Intermediate_Japanese Intermediate_Japanese_Ln.11 JLPT JLPT_5 JLPT_N5
～屋,～や,~ 가게,JLPT_N5
八百屋,やおや,청과물 상인,JLPT JLPT_5 JLPT_N5
野菜,やさい,채소,Genki Genki_Ln.2 JLPT JLPT_5 JLPT_N5
易しい,やさしい,"쉬운, 평범한, 단순한",JLPT JLPT_5 JLPT_N5
安い,やすい,저렴하다; 싼 (것들),Genki Genki_Ln.5 JLPT JLPT_5 JLPT_N5
休み,やすみ,휴일; 쉬는 날; 결석,Genki Genki_Ln.5 JLPT JLPT_5 JLPT_N5
休む,やすむ,"쉬다, 휴식을 취하다, 시간을 보내다",JLPT JLPT_5 JLPT_N5
八つ,やっつ,여덟 가지,Genki Genki_Ln.9 JLPT JLPT_5 JLPT_N5
山,やま,산,Genki Genki_Ln.11 JLPT JLPT_5 JLPT_N5
やる,やる,"할; (애완동물, 부모, 형제자매 등에게) 주다",Genki Genki_Ln.21 JLPT JLPT_4 JLPT_5 JLPT_N5
夕方,ゆうがた,"늦은 오후(보통 저녁 식사 직전), 저녁",Genki Genki_Ln.18 Intermediate_Japanese Intermediate_Japanese_Ln.10 JLPT JLPT_5 JLPT_N5
夕飯,ゆうはん,"저녁식사, 저녁식사, 저녁식사",JLPT JLPT_4 JLPT_5 JLPT_N5
郵便局,ゆうびんきょく,우체국,Genki Genki_Ln.2 JLPT JLPT_5 JLPT_N5
昨夜,ゆうべ,어젯밤,JLPT JLPT_3 JLPT_5 JLPT_N5
有名,ゆうめい,유명한,JLPT JLPT_5 JLPT_N5
雪,ゆき,눈,Genki Genki_Ln.12 JLPT JLPT_3 JLPT_5 JLPT_N5
ゆっくりと,ゆっくりと,"천천히, 편안하게",JLPT JLPT_5 JLPT_N5
八日,ようか,8일; 매월 8일,Genki Genki_Ln.13 JLPT JLPT_5 JLPT_N5
洋服,ようふく,서양식 옷,JLPT JLPT_5 JLPT_N5
よく,よく,"자주, 자주(많이); 뭐, 능숙하게",Genki Genki_Ln.14 Genki_Ln.3 JLPT JLPT_5 JLPT_N5
横,よこ,옆에; 옆; 너비,Intermediate_Japanese Intermediate_Japanese_Ln.11 JLPT JLPT_5 JLPT_N5
四日,よっか,4일; 매월 넷째 날,Genki Genki_Ln.13 JLPT JLPT_5 JLPT_N5
四つ,よっつ,네 가지,Genki Genki_Ln.9 JLPT JLPT_2 JLPT_5 JLPT_N5
呼ぶ,よぶ,(이름을) 부르다; 초대하다,Genki Genki_Ln.19 JLPT JLPT_3 JLPT_5 JLPT_N5
読む,よむ,읽기,JLPT JLPT_5 JLPT_N5
夜,よる,"저녁, 밤",Genki Genki_Ln.6 JLPT JLPT_3 JLPT_5 JLPT_N5
弱い,よわい,약한,JLPT JLPT_5 JLPT_N5
来月,らいげつ,다음 달,Genki Genki_Ln.8 JLPT JLPT_5 JLPT_N5
来週,らいしゅう,다음 주,Genki Genki_Ln.6 JLPT JLPT_5 JLPT_N5
来年,らいねん,내년,Genki Genki_Ln.6 JLPT JLPT_5 JLPT_N5
ラジオ,ラジオ,라디오,Genki Genki_Ln.14 JLPT JLPT_5 JLPT_N5
ラジオカセ,ラジオカセ,라디오 카세트 플레이어,JLPT JLPT_5 JLPT_N5
りっぱ,りっぱ,"훌륭하다, 좋다",JLPT JLPT_3 JLPT_5 JLPT_N5
留学生,りゅうがくせい,유학생,Genki Genki_Ln.1 JLPT JLPT_5 JLPT_N5
両親,りょうしん,"부모 (문자, 두 부모 모두)",Genki Genki_Ln.14 Intermediate_Japanese Intermediate_Japanese_Ln.1 JLPT JLPT_5 JLPT_N5
料理,りょうり,요리; 요리,Intermediate_Japanese Intermediate_Japanese_Ln.4 JLPT JLPT_5 JLPT_N5
旅行,りょこう,"여행, 여행",Genki Genki_Ln.5 JLPT JLPT_5 JLPT_N5
零,れい,"제로, 아무것도",JLPT JLPT_3 JLPT_5 JLPT_N5
冷蔵庫,れいぞうこ,냉장고,Genki Genki_Ln.18 JLPT JLPT_5 JLPT_N5
レコード,レコード,기록,JLPT JLPT_5 JLPT_N5
レストラン,レストラン,식당,Genki Genki_Ln.4 JLPT JLPT_5 JLPT_N5
練習,れんしゅう (する),(하다) 연습하다,JLPT JLPT_5 JLPT_N5
廊下,ろうか,복도,JLPT JLPT_5 JLPT_N5
六,ろく,육,JLPT JLPT_5 JLPT_N5
ワイシャツ,ワイシャツ,"셔츠(점등: 흰색 셔츠), 비즈니스 셔츠",JLPT JLPT_5 JLPT_N5
若い,わかい,어린,Genki Genki_Ln.9 Intermediate_Japanese Intermediate_Japanese_Ln.1 JLPT JLPT_5 JLPT_N5
分かる,わかる,이해하다,JLPT JLPT_5 JLPT_N5
忘れる,わすれる,잊다,Intermediate_Japanese Intermediate_Japanese_Ln.3 JLPT JLPT_5 JLPT_N5
私,わたし,나 자신,Genki Genki_Ln.1 JLPT JLPT_5 JLPT_N5
私,わたくし,"나(공식), 나 자신, 사적인 일",Genki Genki_Ln.13 JLPT JLPT_2 JLPT_5 JLPT_N5
渡す,わたす,(무엇을) 넘겨주다 (v.t.); 건너다,Intermediate_Japanese Intermediate_Japanese_Ln.6 JLPT JLPT_5 JLPT_N5
渡る,わたる,"건너다, 가로질러 가다",JLPT JLPT_5 JLPT_N5
悪い,わるい,"나쁜, 죄 많은; 밑에 붙이는",Genki Genki_Ln.12 Intermediate_Japanese Intermediate_Japanese_Ln.3 JLPT JLPT_5 JLPT_N5
